wavs/segment_10.wav,"Merci d'avoir rejoint ce live, ça me fait très plaisir parce que c'est mon premier live,"
wavs/segment_100.wav,"Il faut que j'y aille, c'est une phrase"
wavs/segment_1000.wav,il y a quelqu'un
wavs/segment_1001.wav,qui m'a demandé
wavs/segment_1002.wav,quand est-ce qu'on gagne un voyage en France
wavs/segment_1003.wav,avec toi
wavs/segment_1004.wav,alors un voyage en France
wavs/segment_1005.wav,c'est
wavs/segment_1006.wav,quelque chose que
wavs/segment_1007.wav,j'aimerais vraiment beaucoup organiser un jour
wavs/segment_1008.wav,pour l'instant le planning
wavs/segment_1.wav,Salut tout le monde ! Est-ce que vous m'entendez ? Est-ce que ça fonctionne ?
wavs/segment_1009.wav,je vous avoue c'est assez chargé
wavs/segment_101.wav,où le verbe aller est au subjonctif.
wavs/segment_1010.wav,mais si ça peut se faire
wavs/segment_1011.wav,ne vous inquiétez pas
wavs/segment_1012.wav,je vous en parlerai
wavs/segment_1013.wav,vous serez vraiment les premiers informés
wavs/segment_1014.wav,un voyage en France
wavs/segment_1015.wav,c'est quelque chose
wavs/segment_1016.wav,un projet pour je ne sais pas quand
wavs/segment_1017.wav,mais j'y pense
wavs/segment_1018.wav,alors
wavs/segment_1019.wav,je vais continuer à répondre à vos questions
wavs/segment_102.wav,"Il faut que j'y aille, ça veut dire"
wavs/segment_1020.wav,il y a SA
wavs/segment_1021.wav,qui me demande
wavs/segment_1022.wav,es-tu disponible pour donner un cours isolé
wavs/segment_1023.wav,une sorte de conversation pour une personne
wavs/segment_1024.wav,qui a un niveau C1
wavs/segment_1025.wav,et qui prépare un concours de prof de français
wavs/segment_1026.wav,alors
wavs/segment_1027.wav,comme je vous ai expliqué
wavs/segment_1028.wav,je l'ai expliqué oui et non
wavs/segment_1029.wav,je ne donne pas
wavs/segment_103.wav,I have to go.
wavs/segment_1030.wav,de cours privé
wavs/segment_1031.wav,mais je suis présente
wavs/segment_1032.wav,dans les groupes de pratique
wavs/segment_1033.wav,à l'oral de la formation
wavs/segment_1034.wav,Objectif Français
wavs/segment_1035.wav,et je vous donne des retours
wavs/segment_1036.wav,personnalisés en fait
wavs/segment_1037.wav,je suis présente dans le groupe
wavs/segment_1038.wav,"je vous écoute, j'observe ce qui se passe"
wavs/segment_1039.wav,et je vous donne mes retours
wavs/segment_104.wav,"Donc, ça, c'est une bonne phrase à mémoriser."
wavs/segment_1040.wav,sur votre français
wavs/segment_1041.wav,c'est génial parce que vraiment
wavs/segment_1042.wav,ça vous permet de rencontrer d'autres apprenants
wavs/segment_1043.wav,et
wavs/segment_1044.wav,quand on partage
wavs/segment_1045.wav,un peu cette expérience avec d'autres personnes
wavs/segment_1046.wav,c'est super enrichissant
wavs/segment_1047.wav,je ne sais pas si vous
wavs/segment_1048.wav,avez eu cette opportunité
wavs/segment_1049.wav,de trouver
wavs/segment_105.wav,"Une autre construction assez utile, c'est..."
wavs/segment_1050.wav,un groupe de pratique
wavs/segment_1051.wav,dans Objectif Français
wavs/segment_1052.wav,ils sont là
wavs/segment_1053.wav,alors
wavs/segment_1054.wav,est-ce que c'est possible de savoir
wavs/segment_1055.wav,le programme de formation
wavs/segment_1056.wav,est-ce qu'il y a des heures précises
wavs/segment_1057.wav,ou bien un accès limité
wavs/segment_1058.wav,tout est expliqué dans
wavs/segment_1059.wav,le lien qui est juste en dessous de la vidéo
wavs/segment_106.wav,C'est plus un adjectif plus que.
wavs/segment_1060.wav,alors attendez je regardais
wavs/segment_1061.wav,si vous avez accès
wavs/segment_1062.wav,ah oui le lien il est pas
wavs/segment_1063.wav,cliquable mais je vous conseille
wavs/segment_1064.wav,de faire un copier-coller
wavs/segment_1065.wav,ça devrait fonctionner je suis désolée
wavs/segment_1066.wav,j'aurais dû organiser ça un petit peu mieux
wavs/segment_1067.wav,mais le programme est détaillé
wavs/segment_1068.wav,sur la
wavs/segment_1069.wav,sur
wavs/segment_107.wav,"Alors, par exemple,"
wavs/segment_1070.wav,la page de présentation
wavs/segment_1071.wav,en gros on axe
wavs/segment_1072.wav,vraiment toutes les leçons
wavs/segment_1073.wav,autour de
wavs/segment_1074.wav,"la vie pratique, la vie en France"
wavs/segment_1075.wav,la vie sociale en France
wavs/segment_1076.wav,"aussi, comment gérer"
wavs/segment_1077.wav,par exemple
wavs/segment_1078.wav,un dîner chez des amis
wavs/segment_1079.wav,comment se débrouiller
wavs/segment_108.wav,C'est bien que tu sois là.
wavs/segment_1080.wav,quand vous arrivez en France
wavs/segment_1081.wav,parce que tout est nouveau
wavs/segment_1082.wav,vous devez partir de l'aéroport
wavs/segment_1083.wav,"prendre le taxi, l'hôtel etc"
wavs/segment_1084.wav,peut-être que vous voulez
wavs/segment_1085.wav,vous installer en France
wavs/segment_1086.wav,comment trouver un appartement
wavs/segment_1087.wav,comment
wavs/segment_1088.wav,travailler en France
wavs/segment_1089.wav,donc vraiment il y a tout ce côté pratique
wavs/segment_109.wav,"Pareil, je vais l'écrire dans le chat."
wavs/segment_1090.wav,et pour vous aider
wavs/segment_1091.wav,à vous sentir bien
wavs/segment_1092.wav,quand
wavs/segment_1093.wav,vous venez en France
wavs/segment_1094.wav,alors attendez
wavs/segment_1095.wav,beaucoup de questions
wavs/segment_1096.wav,alors est-ce que j'ai des recommandations
wavs/segment_1097.wav,pour les recettes françaises
wavs/segment_1098.wav,alors moi j'aime bien la pâtisserie
wavs/segment_1099.wav,j'aime bien les
wavs/segment_11.wav,c'est mon tout premier live sur Youtube.
wavs/segment_110.wav,C'est bien que tu sois là.
wavs/segment_1100.wav,desserts français
wavs/segment_1101.wav,donc si je réfléchis
wavs/segment_1102.wav,à des... d'ailleurs
wavs/segment_1103.wav,j'ai partagé une recette
wavs/segment_1104.wav,dans ma dernière newsletter
wavs/segment_1105.wav,je vous ai partagé la recette
wavs/segment_1106.wav,d'une bûche de Noël
wavs/segment_1107.wav,si
wavs/segment_1108.wav,vous ne l'avez pas eu vous pouvez m'envoyer un mail
wavs/segment_1109.wav,si vous voulez je vous la renvoie
wavs/segment_111.wav,On ne va pas dire c'est bien que tu es.
wavs/segment_1110.wav,mais
wavs/segment_1111.wav,des recettes un peu
wavs/segment_1112.wav,faciles
wavs/segment_1113.wav,la tarte au citron
wavs/segment_1114.wav,c'est pas très compliqué
wavs/segment_1115.wav,je crois que c'est une recette française
wavs/segment_1116.wav,sinon oui tout ce qui est
wavs/segment_1117.wav,le fondant
wavs/segment_1118.wav,au chocolat pas très compliqué
wavs/segment_1119.wav,non plus
wavs/segment_112.wav,"Non, ici, on dit c'est bien que tu sois."
wavs/segment_1120.wav,donc voilà
wavs/segment_1121.wav,si vous voulez
wavs/segment_1122.wav,j'arrive plus à parler pardon
wavs/segment_1123.wav,si vous voulez cuisiner des desserts
wavs/segment_1124.wav,français la tarte au citron
wavs/segment_1125.wav,le fondant au chocolat
wavs/segment_1126.wav,je pense que c'est accessible à tout le monde
wavs/segment_1127.wav,alors
wavs/segment_1128.wav,Valentin qui est là
wavs/segment_1129.wav,qui est
wavs/segment_113.wav,Un autre exemple.
wavs/segment_1130.wav,toujours présent parmi les lives
wavs/segment_1131.wav,French Mornings ou
wavs/segment_1132.wav,Liga Romanica
wavs/segment_1133.wav,la question de Valentin
wavs/segment_1134.wav,je suis désolée je dis à la française
wavs/segment_1135.wav,avec quelle personne
wavs/segment_1136.wav,utilises-tu Elisa
wavs/segment_1137.wav,le pronom vous au singulier
wavs/segment_1138.wav,alors je vais essayer de répondre
wavs/segment_1139.wav,de manière
wavs/segment_114.wav,C'est bien que vous soyez là ce soir pendant ce live.
wavs/segment_1140.wav,générale mais
wavs/segment_1141.wav,j'en parle beaucoup plus en détail
wavs/segment_1142.wav,dans la formation Objectif
wavs/segment_1143.wav,Français c'est une des leçons
wavs/segment_1144.wav,comprendre le
wavs/segment_1145.wav,discours formel
wavs/segment_1146.wav,et le discours informel
wavs/segment_1147.wav,donc comprendre le vous
wavs/segment_1148.wav,singulier le vous
wavs/segment_1149.wav,de formalité et
wavs/segment_115.wav,C'est bien que vous soyez très nombreux sur ce live.
wavs/segment_1150.wav,le tu singulier
wavs/segment_1151.wav,alors avec qui
wavs/segment_1152.wav,on va utiliser vous
wavs/segment_1153.wav,de manière générale
wavs/segment_1154.wav,avec des gens
wavs/segment_1155.wav,dans les magasins
wavs/segment_1156.wav,si vous allez au magasin
wavs/segment_1157.wav,au restaurant
wavs/segment_1158.wav,dans un musée
wavs/segment_1159.wav,ou
wavs/segment_116.wav,"Donc, voilà pour le subjonctif."
wavs/segment_1160.wav,n'importe où où il peut y avoir
wavs/segment_1161.wav,une transaction financière
wavs/segment_1162.wav,où vous devez payer un service
wavs/segment_1163.wav,ou quelque chose
wavs/segment_1164.wav,en général
wavs/segment_1165.wav,non pas en général
wavs/segment_1166.wav,mais on dit vous
wavs/segment_1167.wav,à toutes les personnes qu'on ne connait pas
wavs/segment_1168.wav,donc ça c'est la
wavs/segment_1169.wav,première chose
wavs/segment_117.wav,C'est vraiment ce que je conseille à mes élèves d'habitude.
wavs/segment_1170.wav,ensuite à qui d'autre on dit vous
wavs/segment_1171.wav,des
wavs/segment_1172.wav,inconnus dans la rue
wavs/segment_1173.wav,si vous voulez
wavs/segment_1174.wav,demander un renseignement
wavs/segment_1175.wav,ou quelque chose dans la rue
wavs/segment_1176.wav,vous devez demander
wavs/segment_1177.wav,votre chemin par exemple
wavs/segment_1178.wav,vous allez dire
wavs/segment_1179.wav,excusez-moi
wavs/segment_118.wav,Et c'est ce que je fais moi aussi quand je dois apprendre un nouveau temps
wavs/segment_1180.wav,et pas excuse-moi
wavs/segment_1181.wav,excuse-moi c'est beaucoup plus
wavs/segment_1182.wav,informel
wavs/segment_1183.wav,on va dire vous
wavs/segment_1184.wav,à des personnes qu'on ne connait pas
wavs/segment_1185.wav,de manière générale
wavs/segment_1186.wav,ensuite
wavs/segment_1187.wav,dans un environnement de travail
wavs/segment_1188.wav,ou bien dans un environnement
wavs/segment_1189.wav,scolaire
wavs/segment_119.wav,"dans une nouvelle langue, particulièrement le subjonctif"
wavs/segment_1190.wav,les enfants
wavs/segment_1191.wav,disent vous au prof
wavs/segment_1192.wav,en général
wavs/segment_1193.wav,et au travail ça dépend
wavs/segment_1194.wav,au travail c'est un petit peu différent
wavs/segment_1195.wav,ça dépend
wavs/segment_1196.wav,un petit peu des environnements de travail
wavs/segment_1197.wav,si c'est
wavs/segment_1198.wav,une atmosphère un peu plus cool
wavs/segment_1199.wav,ou bien une atmosphère
wavs/segment_12.wav,"Donc s'il y a des petits problèmes techniques, je m'excuse à l'avance,"
wavs/segment_120.wav,parce que ce n'est pas très très marrant.
wavs/segment_1200.wav,un petit peu plus stricte
wavs/segment_1201.wav,je pense que si par exemple
wavs/segment_1202.wav,vous travaillez dans le domaine
wavs/segment_1203.wav,des assurances
wavs/segment_1204.wav,juridiques
wavs/segment_1205.wav,je suis désolé c'est les milieux
wavs/segment_1206.wav,qui me paraissent pas très cool
wavs/segment_1207.wav,peut-être que je me trompe
wavs/segment_1208.wav,mais j'ai l'impression que c'est des
wavs/segment_1209.wav,domaines où la formalité
wavs/segment_121.wav,"Donc, petit à petit, vous allez pouvoir essayer de mémoriser des nouveaux verbes"
wavs/segment_1210.wav,est plus importante
wavs/segment_1211.wav,alors avec ses collègues
wavs/segment_1212.wav,on va dire vous
wavs/segment_1213.wav,surtout à son
wavs/segment_1214.wav,supérieur hiérarchique
wavs/segment_1215.wav,à son patron
wavs/segment_1216.wav,et toujours
wavs/segment_1217.wav,pour continuer sur cette question
wavs/segment_1218.wav,dans un magasin même si la personne
wavs/segment_1219.wav,à laquelle on s'adresse est plus jeune
wavs/segment_122.wav,et vous allez voir que ça va être beaucoup plus facile
wavs/segment_1220.wav,que moi on doit la vouvoyer
wavs/segment_1221.wav,oui oui oui
wavs/segment_1222.wav,on doit la vouvoyer
wavs/segment_1223.wav,parce que dans le monde
wavs/segment_1224.wav,du commerce on va dire
wavs/segment_1225.wav,on vous voit tout le monde
wavs/segment_1226.wav,même si c'est quelqu'un qui a mon
wavs/segment_1227.wav,âge
wavs/segment_1228.wav,je vais d'abord dire vous
wavs/segment_1229.wav,après on va voir peut-être que
wavs/segment_123.wav,d'apprendre des petites phrases au subjonctif
wavs/segment_1230.wav,on va s'entendre
wavs/segment_1231.wav,on va bien s'entendre
wavs/segment_1232.wav,on va parler longtemps
wavs/segment_1233.wav,et alors dans ce cas là on va peut-être
wavs/segment_1234.wav,finir par se dire tu
wavs/segment_1235.wav,mais
wavs/segment_1236.wav,non on commence
wavs/segment_1237.wav,toujours par dire vous
wavs/segment_1238.wav,oui oui oui
wavs/segment_1239.wav,vous êtes quand même
wavs/segment_124.wav,plutôt que d'essayer d'apprendre tout par cœur en une seule fois
wavs/segment_1240.wav,680 c'est vraiment chouette
wavs/segment_1241.wav,de voir tout le monde
wavs/segment_1242.wav,alors
wavs/segment_1243.wav,pour continuer sur
wavs/segment_1244.wav,un petit peu tout ce qui est formalité
wavs/segment_1245.wav,etc
wavs/segment_1246.wav,est-ce qu'on utilise mademoiselle encore
wavs/segment_1247.wav,ou est-ce que c'est la vieille façon
wavs/segment_1248.wav,on utilise
wavs/segment_1249.wav,pardon
wavs/segment_125.wav,ce qui est quasiment impossible.
wavs/segment_1250.wav,j'articule pas très bien
wavs/segment_1251.wav,ce soir je parle beaucoup
wavs/segment_1252.wav,est-ce qu'on utilise mademoiselle
wavs/segment_1253.wav,encore on l'utilise
wavs/segment_1254.wav,de moins en moins
wavs/segment_1255.wav,on l'utilise de moins en moins
wavs/segment_1256.wav,on va l'utiliser
wavs/segment_1257.wav,plutôt pour
wavs/segment_1258.wav,des enfants
wavs/segment_1259.wav,avant on
wavs/segment_126.wav,"Ça va, je ne parle pas trop vite."
wavs/segment_1260.wav,continuait à dire mademoiselle
wavs/segment_1261.wav,à des femmes qui avaient
wavs/segment_1262.wav,plus de 20 ans
wavs/segment_1263.wav,et maintenant on va dire
wavs/segment_1264.wav,que c'est plus
wavs/segment_1265.wav,c'est plus
wavs/segment_1266.wav,trop
wavs/segment_1267.wav,utilisé on va plutôt dire
wavs/segment_1268.wav,madame de manière générale
wavs/segment_1269.wav,à n'importe
wavs/segment_127.wav,Dites-moi s'il faut ralentir un petit peu le rythme.
wavs/segment_1270.wav,quelle femme adulte
wavs/segment_1271.wav,voilà
wavs/segment_1272.wav,mais
wavs/segment_1273.wav,encore une fois tout ça
wavs/segment_1274.wav,c'est expliqué plus en détail
wavs/segment_1275.wav,dans la formation
wavs/segment_1276.wav,parce que je vous donne un peu les informations
wavs/segment_1277.wav,en l'air
wavs/segment_1278.wav,sans support etc
wavs/segment_1279.wav,j'espère que
wavs/segment_128.wav,"Alors, on va passer à une question d'un autre abonné"
wavs/segment_1280.wav,ça reste clair quand même
wavs/segment_1281.wav,bonsoir Elisa
wavs/segment_1282.wav,pouvez-vous nous donner
wavs/segment_1283.wav,des mots d'argot
wavs/segment_1284.wav,alors
wavs/segment_1285.wav,oui oui
wavs/segment_1286.wav,mais il y en a tellement
wavs/segment_1287.wav,il y en a énormément que
wavs/segment_1288.wav,"je peux vous en donner 4, 5"
wavs/segment_1289.wav,comme ça
wavs/segment_129.wav,qui me dit
wavs/segment_1290.wav,on parlait tout à l'heure des environnements
wavs/segment_1291.wav,de travail
wavs/segment_1292.wav,un mot d'argot
wavs/segment_1293.wav,très très courant
wavs/segment_1294.wav,pour dire le mot
wavs/segment_1295.wav,travail c'est
wavs/segment_1296.wav,le boulot
wavs/segment_1297.wav,le boulot c'est un mot à connaître
wavs/segment_1298.wav,on l'utilise tous les jours
wavs/segment_1299.wav,pour dire le travail
wavs/segment_13.wav,mais je pense que ça va bien se passer.
wavs/segment_130.wav,J'adore le français et je veux apprendre
wavs/segment_1300.wav,je vais au travail
wavs/segment_1301.wav,je vais
wavs/segment_1302.wav,au boulot
wavs/segment_1303.wav,j'ai beaucoup de travail
wavs/segment_1304.wav,j'ai beaucoup de boulot
wavs/segment_1305.wav,dans la formation
wavs/segment_1306.wav,en français il y a une grosse section
wavs/segment_1307.wav,sur l'argot
wavs/segment_1308.wav,et les expressions
wavs/segment_1309.wav,françaises parce que c'est quelque chose qui est
wavs/segment_131.wav,mais j'ai très peur de parler
wavs/segment_1310.wav,très très très important
wavs/segment_1311.wav,dans la langue
wavs/segment_1312.wav,même si vous voulez pas
wavs/segment_1313.wav,les utiliser vous même
wavs/segment_1314.wav,je pense qu'il faut
wavs/segment_1315.wav,il faut les comprendre
wavs/segment_1316.wav,il faut les comprendre parce que
wavs/segment_1317.wav,c'est imprégné
wavs/segment_1318.wav,dans le langage
wavs/segment_1319.wav,et on les utilise
wavs/segment_132.wav,quand je me retrouve dans une situation de la vie réelle.
wavs/segment_1320.wav,vraiment tous les jours donc
wavs/segment_1321.wav,même tout au long
wavs/segment_1322.wav,de la formation en fait
wavs/segment_1323.wav,j'essaye de vous donner le plus
wavs/segment_1324.wav,d'expressions
wavs/segment_1325.wav,le plus d'alternatives en
wavs/segment_1326.wav,argot si c'est quelque chose
wavs/segment_1327.wav,qui est beaucoup utilisé
wavs/segment_1328.wav,pour que vous puissiez
wavs/segment_1329.wav,tout comprendre
wavs/segment_133.wav,"Alors, ça c'est quelque chose que je comprends beaucoup"
wavs/segment_1330.wav,alors attendez
wavs/segment_1331.wav,je continue à lire
wavs/segment_1332.wav,euh
wavs/segment_1333.wav,ta ta ta ta ta
wavs/segment_1334.wav,chouette
wavs/segment_1335.wav,chouette
wavs/segment_1336.wav,chouette
wavs/segment_1337.wav,chouette
wavs/segment_1338.wav,chouette
wavs/segment_1339.wav,chouette
wavs/segment_134.wav,et je vais vous raconter une histoire que j'ai vécue
wavs/segment_1340.wav,chouette
wavs/segment_1341.wav,chouette
wavs/segment_1342.wav,chouette
wavs/segment_1343.wav,chouette
wavs/segment_1344.wav,chouette
wavs/segment_1345.wav,chouette
wavs/segment_1346.wav,chouette
wavs/segment_1347.wav,chouette
wavs/segment_1348.wav,chouette
wavs/segment_1349.wav,"Alors, je continue à vous lire une question que tout le monde se pose,"
wavs/segment_135.wav,"quand j'étais plus jeune, beaucoup plus jeune"
wavs/segment_1350.wav,"que tous se demandaient, on va dire plutôt une question que tout le monde se pose."
wavs/segment_1351.wav,À quelle heure pourrait-on commencer à dire bonsoir et pas bonjour ?
wavs/segment_1352.wav,"Alors, c'est mon avis personnel, c'est ma théorie personnelle que je vais vous partager."
wavs/segment_1353.wav,Je pense que les gens commencent à dire bonsoir quand le soleil est couché.
wavs/segment_1354.wav,"Donc, à mon avis, on peut dire..."
wavs/segment_1355.wav,"Ouais, c'est peut-être pas entièrement vrai."
wavs/segment_1356.wav,"En gros, vers 5h."
wavs/segment_1357.wav,"Vers 5h, 18h, je dirais que..."
wavs/segment_1358.wav,Ouais.
wavs/segment_1359.wav,Que les gens...
wavs/segment_136.wav,et que je suis allée à Berlin en échange scolaire.
wavs/segment_1360.wav,Commencent à dire bonsoir ou bonne soirée.
wavs/segment_1361.wav,Je ne sais pas si vous connaissez la différence entre bonsoir et bonne soirée.
wavs/segment_1362.wav,"La politesse, c'est quelque chose de très codifié en France, les formules de politesse."
wavs/segment_1363.wav,"Peut-être que vous avez vu mon dernier reel sur Instagram, j'ai essayé d'en parler justement."
wavs/segment_1364.wav,On va dire bonsoir en arrivant dans un endroit.
wavs/segment_1365.wav,Et bonne soirée en partant.
wavs/segment_1366.wav,Et c'est la même chose avec bonjour et bonne journée.
wavs/segment_1367.wav,Bonjour en arrivant et bonne journée en partant.
wavs/segment_1368.wav,Il y a trop de questions dans le chat.
wavs/segment_1369.wav,C'est difficile de choisir à laquelle donner une réponse exactement.
wavs/segment_137.wav,"Donc, j'étais très très motivée."
wavs/segment_1370.wav,C'est pas simple.
wavs/segment_1371.wav,"Il y a beaucoup, beaucoup de questions."
wavs/segment_1372.wav,"Alors, on va se dire que je..."
wavs/segment_1373.wav,"Ouh, pardon."
wavs/segment_1374.wav,Que je vais prendre une dernière question.
wavs/segment_1375.wav,Et...
wavs/segment_1376.wav,Voilà.
wavs/segment_1377.wav,Voilà.
wavs/segment_1378.wav,Voilà.
wavs/segment_1379.wav,Ça va être difficile.
wavs/segment_138.wav,J'avais 16 ans et j'allais passer 3 mois à Berlin
wavs/segment_1380.wav,"Si c'est la dernière, il faut que je fasse un choix."
wavs/segment_1381.wav,On va essayer de choisir une question qui peut parler à tout le monde.
wavs/segment_1382.wav,Est-ce que vous avez le stress ?
wavs/segment_1383.wav,Parce que j'ai dit que c'était la dernière question.
wavs/segment_1384.wav,"Ah, une question de Boutaina qui me dit"
wavs/segment_1385.wav,Est-ce qu'on peut utiliser bonsoir dans les e-mails ?
wavs/segment_1386.wav,Oui.
wavs/segment_1387.wav,"Oui, tu peux envoyer un e-mail qui commence par bonsoir"
wavs/segment_1388.wav,"si tu l'envoies vers 18, 19h, vers 6, 7h du soir."
wavs/segment_1389.wav,"Je sais que les e-mails, pour certains d'entre vous qui ont envie de travailler en France"
wavs/segment_139.wav,et je me disais ça va être génial.
wavs/segment_1390.wav,"ou bien qui travaillent peut-être avec des francophones,"
wavs/segment_1391.wav,"écrire des e-mails, c'est un truc un petit peu stressant"
wavs/segment_1392.wav,et on ne trouve pas beaucoup de ressources sur comment écrire des e-mails.
wavs/segment_1393.wav,C'est pour ça que j'ai décidé d'y consacrer une leçon entière
wavs/segment_1394.wav,dans ma formation Objectif Français.
wavs/segment_1395.wav,"Donc, vous allez apprendre à écrire des e-mails."
wavs/segment_1396.wav,Vous allez apprendre les codes à respecter pour écrire un e-mail en français.
wavs/segment_1397.wav,"Donc, on verra les formules avec lesquelles on s'adresse à quelqu'un"
wavs/segment_1398.wav,et aussi les formules de politesse à signer à la fin
wavs/segment_1399.wav,"selon, encore une fois, le degré de formalité de la situation."
wavs/segment_14.wav,"Tant que vous m'entendez,"
wavs/segment_140.wav,"Et en fait, les deux premiers mois du voyage,"
wavs/segment_1400.wav,"Parce qu'on n'a peut-être pas le même rapport avec certains collègues,"
wavs/segment_1401.wav,avec certains supérieurs hiérarchiques.
wavs/segment_1402.wav,Ou même avec l'administration en général.
wavs/segment_1403.wav,"Parce que parfois, on écrit à des services administratifs,"
wavs/segment_1404.wav,à des entreprises qu'on ne connaît pas.
wavs/segment_1405.wav,"Et en général, en France, on est très très très formel à ce niveau-là."
wavs/segment_1406.wav,On a des expressions très longues.
wavs/segment_1407.wav,"Je vous prie d'agréer, madame, monsieur,"
wavs/segment_1408.wav,l'expression de mes salutations distinguées.
wavs/segment_1409.wav,"Ça paraît un peu long, mais on écrit vraiment ça."
wavs/segment_141.wav,"du séjour,"
wavs/segment_1410.wav,"Donc, ça, c'est une section entière sur la formation."
wavs/segment_1411.wav,"Ne vous inquiétez pas, tout sera dedans."
wavs/segment_1412.wav,"Et voilà, il est 20h."
wavs/segment_1413.wav,Je vous remercie beaucoup d'être venu si nombreux ce soir.
wavs/segment_1414.wav,"750 personnes, c'est génial."
wavs/segment_1415.wav,"Merci, merci à tous."
wavs/segment_1416.wav,J'espère que ça vous a plu.
wavs/segment_1417.wav,J'espère que...
wavs/segment_1418.wav,"que vous avez trouvé ça utile,"
wavs/segment_1419.wav,"que même si je n'ai pas pu répondre à toutes vos questions,"
wavs/segment_142.wav,j'ai presque pas ouvert la bouche.
wavs/segment_1420.wav,j'ai essayé de répondre à un maximum.
wavs/segment_1421.wav,Et j'espère que vous avez trouvé des informations utiles
wavs/segment_1422.wav,dans ce que je vous ai raconté.
wavs/segment_1423.wav,"Encore une fois, la formation, elle ouvre ses portes ce soir."
wavs/segment_1424.wav,Elle ferme ses...
wavs/segment_1425.wav,Pardon.
wavs/segment_1426.wav,La forme...
wavs/segment_1427.wav,Les pré-inscriptions à la formation ouvrent ce soir.
wavs/segment_1428.wav,"Ensuite, elles ouvrent seulement pendant 5 jours."
wavs/segment_1429.wav,"Donc, le 10, on ferme les portes pour les inscriptions."
wavs/segment_143.wav,"Vraiment, c'était très très difficile."
wavs/segment_1430.wav,"Je vous rappelle, la réduction pour les 100 premiers inscrits."
wavs/segment_1431.wav,"Dépêchez-vous, honnêtement, parce que ça va partir."
wavs/segment_1432.wav,"Et ensuite, le 15, on commence tous ensemble."
wavs/segment_1433.wav,On commence les cours.
wavs/segment_1434.wav,On commence les premières leçons.
wavs/segment_1435.wav,Les premiers groupes de pratiques.
wavs/segment_1436.wav,"L'accès à la communauté, etc."
wavs/segment_1437.wav,J'ai vraiment hâte.
wavs/segment_1438.wav,J'ai vraiment hâte de vous rencontrer.
wavs/segment_1439.wav,Et qu'on se voit tous là-bas.
wavs/segment_144.wav,"Donc, moi je suis quelqu'un"
wavs/segment_1440.wav,"Donc, je vous dis à très bientôt."
wavs/segment_1441.wav,Passez une bonne journée ou bien une bonne soirée
wavs/segment_1442.wav,selon là où vous êtes.
wavs/segment_1443.wav,Et on se voit bientôt.
wavs/segment_1444.wav,Merci encore.
wavs/segment_1445.wav,Et à plus.
wavs/segment_1446.wav,Ciao !
wavs/segment_1447.wav,Sous-titrage ST' 501
wavs/segment_145.wav,"et encore quand j'étais plus jeune,"
wavs/segment_146.wav,c'était encore plus.
wavs/segment_147.wav,Je suis assez introvertie.
wavs/segment_148.wav,"J'étais très timide, moins à l'aise."
wavs/segment_149.wav,"Et donc, le moyen que j'ai trouvé"
wavs/segment_15.wav,on est bon.
wavs/segment_150.wav,pour débloquer un peu ce...
wavs/segment_151.wav,"ce genre de choses qui peut arriver,"
wavs/segment_152.wav,c'est de s'entraîner à vivre des petites situations
wavs/segment_153.wav,qu'on va vivre dans le pays où on va aller.
wavs/segment_154.wav,"Donc, pour vous, la France par exemple."
wavs/segment_155.wav,"Donc, c'est ce que j'ai fait avec une élève que j'ai eue,"
wavs/segment_156.wav,que j'ai rencontrée il y a quelques années.
wavs/segment_157.wav,Et on a pratiqué le français de cette façon en fait.
wavs/segment_158.wav,On s'est concentré sur les situations
wavs/segment_159.wav,"de la vie courante, du quotidien."
wavs/segment_16.wav,"Et si je parle trop vite, n'hésitez pas à me le dire aussi."
wavs/segment_160.wav,Les situations du français de tous les jours.
wavs/segment_161.wav,"Donc, pour elle, ça a vraiment changé"
wavs/segment_162.wav,sa façon d'apprendre en fait
wavs/segment_163.wav,parce qu'elle est arrivée en France
wavs/segment_164.wav,en se disant
wavs/segment_165.wav,j'ai déjà vécu toutes les situations
wavs/segment_166.wav,que je vais vivre pendant mon voyage.
wavs/segment_167.wav,Parce que c'est ce que j'ai étudié exactement
wavs/segment_168.wav,avec Elisa.
wavs/segment_169.wav,"Donc, elle a pris beaucoup confiance."
wavs/segment_17.wav,Je vais essayer de parler comme je parle un peu d'habitude dans mes vidéos.
wavs/segment_170.wav,"Après, c'est vrai que quand on est..."
wavs/segment_171.wav,"quand on part en voyage,"
wavs/segment_172.wav,c'est un petit peu plus difficile peut-être
wavs/segment_173.wav,de briser la glace
wavs/segment_174.wav,avec les personnes qu'on rencontre.
wavs/segment_175.wav,"Mais une fois que c'est fait,"
wavs/segment_176.wav,elle était vraiment très très à l'aise
wavs/segment_177.wav,et elle s'est très bien débrouillée
wavs/segment_178.wav,pendant son voyage.
wavs/segment_179.wav,Euh...
wavs/segment_18.wav,"Donc normalement, si vous comprenez mes vidéos d'habitude,"
wavs/segment_180.wav,Je regarde si vous avez un petit peu de questions.
wavs/segment_181.wav,Je ne suis pas très loin de Berlin.
wavs/segment_182.wav,Euh...
wavs/segment_183.wav,Ah ouais.
wavs/segment_184.wav,"Berlin, c'est une ville que j'aime vraiment beaucoup."
wavs/segment_185.wav,J'y suis retournée il n'y a pas longtemps
wavs/segment_186.wav,et c'était très très cool.
wavs/segment_187.wav,J'aimerais bien y retourner encore cette année.
wavs/segment_188.wav,Alors...
wavs/segment_189.wav,Une question intéressante avec
wavs/segment_19.wav,il n'y aura pas de problème aujourd'hui.
wavs/segment_190.wav,Il faut que j'y aille.
wavs/segment_191.wav,La lettre Y fait référence à quoi ?
wavs/segment_192.wav,"Alors, la lettre Y dans ce cas-là,"
wavs/segment_193.wav,"le pronom Y,"
wavs/segment_194.wav,ça fait référence à un lieu.
wavs/segment_195.wav,"Parce que le verbe aller,"
wavs/segment_196.wav,il est toujours suivi de quelque chose en français.
wavs/segment_197.wav,"Donc, soit suivi, soit il y a toujours un..."
wavs/segment_198.wav,Comment ?
wavs/segment_199.wav,"Un lieu, en fait, derrière."
wavs/segment_2.wav,"Alors attendez, avant de commencer, je vais tout vérifier."
wavs/segment_20.wav,Bonne année encore à tous !
wavs/segment_200.wav,"En français, on ne peut pas juste dire"
wavs/segment_201.wav,"comme en anglais, on peut dire"
wavs/segment_202.wav,I go.
wavs/segment_203.wav,"En français, si on dit je vais,"
wavs/segment_204.wav,on dit mais où ?
wavs/segment_205.wav,En fait.
wavs/segment_206.wav,Il n'y a pas de possibilité de dire simplement
wavs/segment_207.wav,"je vais, point."
wavs/segment_208.wav,On doit forcément utiliser
wavs/segment_209.wav,"soit une ville, un pays, un endroit, etc."
wavs/segment_21.wav,Je vais vous expliquer un petit peu ce qui va se passer ce soir.
wavs/segment_210.wav,Soit le pronom Y pour soit désigner quelque chose
wavs/segment_211.wav,dont on a parlé avant.
wavs/segment_212.wav,"Par exemple, je vais à Paris."
wavs/segment_213.wav,Tu y vas.
wavs/segment_214.wav,Pour pas répéter Paris.
wavs/segment_215.wav,"Et si on veut juste dire je pars,"
wavs/segment_216.wav,"dans le sens je quitte un endroit,"
wavs/segment_217.wav,alors on dit j'y vais.
wavs/segment_218.wav,Mais on a besoin du Y.
wavs/segment_219.wav,J'espère que c'est un peu plus clair.
wavs/segment_22.wav,"Alors, une de mes bonnes résolutions cette année,"
wavs/segment_220.wav,"Ensuite, une autre question"
wavs/segment_221.wav,que j'avais reçue sur Instagram.
wavs/segment_222.wav,Quelqu'un qui me disait
wavs/segment_223.wav,"43 ans, est-ce que c'est trop tard"
wavs/segment_224.wav,pour apprendre le français ?
wavs/segment_225.wav,"Alors non, pas du tout."
wavs/segment_226.wav,Il n'y a pas d'âge pour apprendre une langue.
wavs/segment_227.wav,J'ai eu...
wavs/segment_228.wav,J'étais assez surprise de ça même
wavs/segment_229.wav,quand j'ai commencé à enseigner le français.
wavs/segment_23.wav,"en français on dit ça, les bonnes résolutions de l'année,"
wavs/segment_230.wav,C'est que j'ai eu beaucoup d'élèves
wavs/segment_231.wav,"qui avaient plus de 50 ans,"
wavs/segment_232.wav,"plus de même 60, 70 ans"
wavs/segment_233.wav,et qui apprennent très vite en fait
wavs/segment_234.wav,parce que même ce qui est limite mieux
wavs/segment_235.wav,parce qu'ils ont plus de temps
wavs/segment_236.wav,à consacrer au français
wavs/segment_237.wav,mais vraiment l'âge
wavs/segment_238.wav,c'est pas un problème quoi.
wavs/segment_239.wav,On peut apprendre des nouvelles choses
wavs/segment_24.wav,"c'est les résolutions qu'on prend en janvier,"
wavs/segment_240.wav,à tous les âges
wavs/segment_241.wav,et surtout si c'est une langue.
wavs/segment_242.wav,Surtout si c'est une langue
wavs/segment_243.wav,c'est une belle chose de l'apprendre
wavs/segment_244.wav,même quand on a l'impression
wavs/segment_245.wav,de plus avoir l'âge d'apprendre des langues.
wavs/segment_246.wav,Alors...
wavs/segment_247.wav,Ça va ?
wavs/segment_248.wav,J'essaye de lire vos questions en même temps mais
wavs/segment_249.wav,le chat il reste un peu bloqué en haut.
wavs/segment_25.wav,les décisions qui vont changer notre vie un petit peu.
wavs/segment_250.wav,Alors...
wavs/segment_251.wav,Une question
wavs/segment_252.wav,Je ne comprends pas la différence
wavs/segment_253.wav,entre le passé composé et l'impératif.
wavs/segment_254.wav,Alors je pense que tu veux pas dire l'impératif
wavs/segment_255.wav,tu veux plutôt dire l'imparfait.
wavs/segment_256.wav,L'imparfait et le passé composé
wavs/segment_257.wav,c'est des temps qui peuvent être un peu
wavs/segment_258.wav,un peu confondus.
wavs/segment_259.wav,Il faut principalement se rappeler
wavs/segment_26.wav,"Une de mes bonnes résolutions cette année,"
wavs/segment_260.wav,que le passé composé
wavs/segment_261.wav,c'est le temps d'une action
wavs/segment_262.wav,qui a eu lieu dans le passé
wavs/segment_263.wav,et qui a eu lieu une seule fois.
wavs/segment_264.wav,Donc l'imparfait par contre
wavs/segment_265.wav,c'est le temps plutôt des habitudes
wavs/segment_266.wav,dans le passé.
wavs/segment_267.wav,Ou alors du contexte dans le passé
wavs/segment_268.wav,ou bien de la description dans le passé.
wavs/segment_269.wav,J'espère que ça aide un petit peu.
wavs/segment_27.wav,c'est d'essayer de vous aider encore plus.
wavs/segment_270.wav,Le passé composé
wavs/segment_271.wav,une action
wavs/segment_272.wav,en particulier dans le passé.
wavs/segment_273.wav,L'imparfait
wavs/segment_274.wav,la description
wavs/segment_275.wav,le contexte
wavs/segment_276.wav,et les habitudes.
wavs/segment_277.wav,C'est ce qui me vient là
wavs/segment_278.wav,peut-être que j'oublie des éléments
wavs/segment_279.wav,mais je vais vous donner des exemples.
wavs/segment_28.wav,"Donc j'avais plusieurs options,"
wavs/segment_280.wav,Alors le passé composé
wavs/segment_281.wav,Hier j'ai pris mon petit déjeuner.
wavs/segment_282.wav,C'est une action que j'ai fait
wavs/segment_283.wav,une seule fois.
wavs/segment_284.wav,Maintenant pour l'imparfait.
wavs/segment_285.wav,Mon petit déjeuner était très bon.
wavs/segment_286.wav,Je le décris.
wavs/segment_287.wav,La description.
wavs/segment_288.wav,La semaine dernière
wavs/segment_289.wav,Alors non attendez.
wavs/segment_29.wav,"et je me suis dit que le plus simple,"
wavs/segment_290.wav,Quand j'habitais à Paris
wavs/segment_291.wav,je prenais un café
wavs/segment_292.wav,en bas de chez moi tous les jours.
wavs/segment_293.wav,Le contexte
wavs/segment_294.wav,et la description
wavs/segment_295.wav,et pardon
wavs/segment_296.wav,et les habitudes.
wavs/segment_297.wav,Le contexte et les habitudes.
wavs/segment_298.wav,J'espère que c'est un petit peu plus clair.
wavs/segment_299.wav,Alors on va passer à une question
wavs/segment_3.wav,Est-ce que vous m'entendez ? Vous m'entendez bien ?
wavs/segment_30.wav,"c'était de vous demander ce qu'il vous fallait,"
wavs/segment_300.wav,que j'ai reçu
wavs/segment_301.wav,je ne sais pas combien de fois.
wavs/segment_302.wav,Je ne peux vraiment pas vous dire
wavs/segment_303.wav,combien de fois on m'a posé cette question
wavs/segment_304.wav,parce que je l'ai reçu partout.
wavs/segment_305.wav,C'est une question que j'ai lu beaucoup de fois
wavs/segment_306.wav,dans mes messages sur Instagram etc.
wavs/segment_307.wav,Par mail vous m'envoyez aussi beaucoup cette question.
wavs/segment_308.wav,Et cette question c'est
wavs/segment_309.wav,Comment faire pour parler couramment français ?
wavs/segment_31.wav,de vous demander ce dont vous aviez besoin.
wavs/segment_310.wav,Ça peut un peu sembler très général
wavs/segment_311.wav,mais c'est vrai que parfois en fait
wavs/segment_312.wav,on ne sait pas par où commencer
wavs/segment_313.wav,et on n'arrive pas à parler couramment
wavs/segment_314.wav,même si on étudie beaucoup.
wavs/segment_315.wav,Alors je vais vous dire un petit peu ce que j'en pense
wavs/segment_316.wav,et je vais boire un petit peu d'eau aussi
wavs/segment_317.wav,parce que je parle beaucoup.
wavs/segment_318.wav,Alors comment parler français couramment ?
wavs/segment_319.wav,D'après moi
wavs/segment_32.wav,"Et donc sur Instagram, j'ai fait une story"
wavs/segment_320.wav,il y a deux façons d'apprendre une langue
wavs/segment_321.wav,deux façons d'apprendre le français.
wavs/segment_322.wav,La première
wavs/segment_323.wav,c'est la méthode qu'on connaît un peu tous
wavs/segment_324.wav,la méthode classique on va dire.
wavs/segment_325.wav,On suit des cours
wavs/segment_326.wav,on pratique un petit peu
wavs/segment_327.wav,on apprend beaucoup de grammaire
wavs/segment_328.wav,beaucoup de conjugaison
wavs/segment_329.wav,et quand on arrive en France
wavs/segment_33.wav,où je vous ai demandé
wavs/segment_330.wav,on se rend compte que
wavs/segment_331.wav,c'est la galère
wavs/segment_332.wav,c'est la galère ça veut dire que c'est difficile
wavs/segment_333.wav,on a du mal à
wavs/segment_334.wav,à communiquer
wavs/segment_335.wav,on a même un petit peu peur
wavs/segment_336.wav,de parler avec les francophones
wavs/segment_337.wav,parce qu'en fait on a appris le français théorique
wavs/segment_338.wav,on a appris comment fonctionne la langue
wavs/segment_339.wav,mais on n'a pas appris à parler français vraiment.
wavs/segment_34.wav,"quelles questions vous aviez par rapport au français,"
wavs/segment_340.wav,Et moi je me suis rendu compte que
wavs/segment_341.wav,c'est ce qui m'était arrivé à Berlin
wavs/segment_342.wav,dans l'histoire que je vous racontais un peu plus tôt
wavs/segment_343.wav,en allemand
wavs/segment_344.wav,au lycée j'étais la première de ma classe
wavs/segment_345.wav,j'avais des super notes en allemand
wavs/segment_346.wav,c'est une matière que j'adorais
wavs/segment_347.wav,mais j'étudiais l'allemand
wavs/segment_348.wav,comme j'étudiais une matière
wavs/segment_349.wav,comme j'étudiais les maths
wavs/segment_35.wav,"par rapport à votre apprentissage,"
wavs/segment_350.wav,"la physique, la biologie etc."
wavs/segment_351.wav,et quand je suis arrivée à Berlin
wavs/segment_352.wav,j'étais presque muette
wavs/segment_353.wav,j'avais beaucoup de mal à parler
wavs/segment_354.wav,je ne parlais pas
wavs/segment_355.wav,muet ça veut dire quelqu'un qui ne peut pas parler
wavs/segment_356.wav,quelqu'un qui est muet
wavs/segment_357.wav,et donc oui je sais ce que c'est
wavs/segment_358.wav,c'est une situation pas du tout agréable
wavs/segment_359.wav,que je ne vous souhaite pas de vivre
wavs/segment_36.wav,quels problèmes est-ce que vous pourriez rencontrer.
wavs/segment_360.wav,parce que
wavs/segment_361.wav,ça fait... ouais
wavs/segment_362.wav,c'est voir un peu
wavs/segment_363.wav,c'est le choc de la réalité en fait
wavs/segment_364.wav,mais
wavs/segment_365.wav,heureusement
wavs/segment_366.wav,depuis que je travaille
wavs/segment_367.wav,maintenant dans l'univers un peu des langues
wavs/segment_368.wav,dans l'enseignement etc.
wavs/segment_369.wav,je me suis rendu compte qu'il y a quand même
wavs/segment_37.wav,"Et vous m'avez envoyé beaucoup,"
wavs/segment_370.wav,une deuxième façon d'apprendre des langues
wavs/segment_371.wav,et oui certes on apprend
wavs/segment_372.wav,de la grammaire et de la conjugaison
wavs/segment_373.wav,parce que c'est quand même
wavs/segment_374.wav,les bases de la langue
wavs/segment_375.wav,mais
wavs/segment_376.wav,il faut axer ça sur la pratique
wavs/segment_377.wav,et donc ce qu'on apprend
wavs/segment_378.wav,il faut s'en servir tout de suite à l'oral
wavs/segment_379.wav,donc au lieu d'apprendre des phrases
wavs/segment_38.wav,beaucoup de questions.
wavs/segment_380.wav,comme
wavs/segment_381.wav,la femme mange une pomme verte
wavs/segment_382.wav,j'imagine que vous savez de quoi je parle
wavs/segment_383.wav,on va plutôt se concentrer sur
wavs/segment_384.wav,des situations qu'on peut vivre au quotidien
wavs/segment_385.wav,des situations que vous pouvez vivre
wavs/segment_386.wav,pendant un voyage
wavs/segment_387.wav,et petit à petit en fait
wavs/segment_388.wav,on progresse dans tous les domaines
wavs/segment_389.wav,principalement à l'oral
wavs/segment_39.wav,J'ai eu beaucoup de réponses à cette story.
wavs/segment_390.wav,et c'est vraiment ça qui va faire
wavs/segment_391.wav,qu'on prend plus confiance
wavs/segment_392.wav,dans ses capacités
wavs/segment_393.wav,dans ses capacités à s'exprimer
wavs/segment_394.wav,et
wavs/segment_395.wav,vraiment c'est ce que je vous conseille de faire
wavs/segment_396.wav,en
wavs/segment_397.wav,vous concentrant sur la pratique orale
wavs/segment_398.wav,vous allez vraiment voir vos progrès
wavs/segment_399.wav,et je sais que
wavs/segment_4.wav,"Ok, ok. Désolée, c'est la première fois, donc il faut que je me familiarise un petit peu avec la technique,"
wavs/segment_40.wav,"Et les questions, en fait,"
wavs/segment_400.wav,avec le français
wavs/segment_401.wav,ça a la réputation d'être une langue compliquée
wavs/segment_402.wav,on dit qu'il y a besoin d'énormément de grammaire
wavs/segment_403.wav,pour pouvoir lire
wavs/segment_404.wav,mais d'après moi
wavs/segment_405.wav,ce qu'on veut en général
wavs/segment_406.wav,pas tout le monde
wavs/segment_407.wav,mais ce qu'on veut en général c'est vraiment
wavs/segment_408.wav,parler une langue
wavs/segment_409.wav,c'est pas simplement l'écrire ou la comprendre
wavs/segment_41.wav,"vous avez un peu tous les mêmes,"
wavs/segment_410.wav,c'est principalement la parler quoi
wavs/segment_411.wav,donc
wavs/segment_412.wav,en
wavs/segment_413.wav,utilisant cette méthode
wavs/segment_414.wav,en vous concentrant sur la pratique
wavs/segment_415.wav,vous allez prendre confiance en vous
wavs/segment_416.wav,d'une manière incroyable quoi
wavs/segment_417.wav,vous allez voir tout de suite les progrès
wavs/segment_418.wav,moi c'est ce que je fais toujours avec mes élèves
wavs/segment_419.wav,et vraiment
wavs/segment_42.wav,"et c'est des questions, je trouve,"
wavs/segment_420.wav,ça fonctionne très très bien
wavs/segment_421.wav,et
wavs/segment_422.wav,c'est l'occasion justement
wavs/segment_423.wav,de vous parler de
wavs/segment_424.wav,d'une formation que j'ai créée
wavs/segment_425.wav,et qui va ouvrir ses portes
wavs/segment_426.wav,très bientôt
wavs/segment_427.wav,le 15 janvier
wavs/segment_428.wav,à partir de ce soir
wavs/segment_429.wav,je vais ouvrir les pré-inscriptions
wavs/segment_43.wav,auxquelles on ne peut pas vraiment répondre
wavs/segment_430.wav,et il y aura une grosse réduction
wavs/segment_431.wav,pour les 100 premiers inscrits
wavs/segment_432.wav,donc pour les 100 premiers élèves
wavs/segment_433.wav,qui s'inscrivent
wavs/segment_434.wav,grosse réduction pour vous
wavs/segment_435.wav,soyez rapide
wavs/segment_436.wav,c'est une formation de français
wavs/segment_437.wav,qui s'appelle objectif français
wavs/segment_438.wav,et
wavs/segment_439.wav,comme on parlait tout à l'heure
wavs/segment_44.wav,de façon très rapide sur Instagram.
wavs/segment_440.wav,de prendre confiance en soi
wavs/segment_441.wav,de débloquer ses peurs etc
wavs/segment_442.wav,c'est vraiment au cœur de cette formation
wavs/segment_443.wav,le but
wavs/segment_444.wav,c'est de vous permettre
wavs/segment_445.wav,en 6 mois de prendre confiance
wavs/segment_446.wav,et d'être
wavs/segment_447.wav,complètement indépendant
wavs/segment_448.wav,pendant votre prochain séjour
wavs/segment_449.wav,en France
wavs/segment_45.wav,Ça mérite un petit peu plus de développement.
wavs/segment_450.wav,donc je suis très très contente
wavs/segment_451.wav,de pouvoir vous en parler ce soir
wavs/segment_452.wav,parce que ça fait des semaines
wavs/segment_453.wav,que je sais que ça va sortir
wavs/segment_454.wav,que j'attends de pouvoir vous en parler
wavs/segment_455.wav,alors
wavs/segment_456.wav,cette formation
wavs/segment_457.wav,elle est pour qui ?
wavs/segment_458.wav,elle est pour toutes les personnes
wavs/segment_459.wav,qui veulent apprendre à parler
wavs/segment_46.wav,"Donc, ce soir, je vais reprendre des questions"
wavs/segment_460.wav,le français courant
wavs/segment_461.wav,le français de la vie de tous les jours
wavs/segment_462.wav,et qui veulent partir en France
wavs/segment_463.wav,et avoir
wavs/segment_464.wav,l'assurance qu'elles vont vraiment parler
wavs/segment_465.wav,le français courant
wavs/segment_466.wav,et pouvoir se débrouiller
wavs/segment_467.wav,pendant leur voyage
wavs/segment_468.wav,donc si vous vous êtes
wavs/segment_469.wav,lancé plusieurs fois
wavs/segment_47.wav,que vous m'avez posées sur Instagram.
wavs/segment_470.wav,si vous avez déjà appris le français
wavs/segment_471.wav,mais peut-être que vous êtes
wavs/segment_472.wav,pardon vous êtes
wavs/segment_473.wav,trop perfectionniste
wavs/segment_474.wav,peut-être que vous avez peur
wavs/segment_475.wav,de faire des erreurs
wavs/segment_476.wav,devant les autres
wavs/segment_477.wav,si aussi vous avez
wavs/segment_478.wav,personne avec qui pratiquer
wavs/segment_479.wav,votre français régulièrement
wavs/segment_48.wav,On va développer tout ça.
wavs/segment_480.wav,je sais que c'est un problème
wavs/segment_481.wav,pour beaucoup d'entre vous
wavs/segment_482.wav,vous me l'avez beaucoup dit
wavs/segment_483.wav,c'est une langue
wavs/segment_484.wav,apprendre une langue
wavs/segment_485.wav,sans personne qui nous accompagne
wavs/segment_486.wav,je sais que c'est très difficile
wavs/segment_487.wav,et apprendre une langue seule
wavs/segment_488.wav,souvent c'est très démotivant
wavs/segment_489.wav,donc on finit par
wavs/segment_49.wav,"On va voir, comme je vous ai dit,"
wavs/segment_490.wav,se dire
wavs/segment_491.wav,je vais faire duolingo tous les jours
wavs/segment_492.wav,mais on sait tous
wavs/segment_493.wav,que ça suffit pas
wavs/segment_494.wav,et au final on reste un petit peu
wavs/segment_495.wav,dans cette zone de confort
wavs/segment_496.wav,peut-être aussi que vous êtes déjà parti
wavs/segment_497.wav,en France
wavs/segment_498.wav,que vous avez déjà fait un voyage
wavs/segment_499.wav,ou un plus long séjour en France
wavs/segment_5.wav,que je mette tout en place sur mon écran.
wavs/segment_50.wav,comment essayer un petit peu de débloquer
wavs/segment_500.wav,et vous vous êtes rendu compte
wavs/segment_501.wav,de la différence
wavs/segment_502.wav,entre ce que vous imaginiez
wavs/segment_503.wav,ce que vous aviez dans la tête
wavs/segment_504.wav,avant de partir
wavs/segment_505.wav,et la réalité
wavs/segment_506.wav,peut-être que la prononciation
wavs/segment_507.wav,ça a été difficile aussi
wavs/segment_508.wav,la communication
wavs/segment_509.wav,assez difficile
wavs/segment_51.wav,la peur de parler français
wavs/segment_510.wav,même si vous avez des connaissances
wavs/segment_511.wav,même si vous avez un bon vocabulaire
wavs/segment_512.wav,je sais que le choc de la réalité
wavs/segment_513.wav,c'est parfois compliqué à gérer
wavs/segment_514.wav,et peut-être aussi que
wavs/segment_515.wav,pendant ce voyage
wavs/segment_516.wav,vous stressez
wavs/segment_517.wav,parce que vous savez
wavs/segment_518.wav,que vous allez avoir des situations
wavs/segment_519.wav,du quotidien à gérer
wavs/segment_52.wav,"et la peur de s'exprimer,"
wavs/segment_520.wav,et que vous savez pas
wavs/segment_521.wav,comment vous allez y arriver
wavs/segment_522.wav,parce que vous avez jamais vécu ça
wavs/segment_523.wav,dans une autre langue
wavs/segment_524.wav,donc Objectif Français
wavs/segment_525.wav,c'est une formation qui a été pensée
wavs/segment_526.wav,pour vraiment vous donner
wavs/segment_527.wav,tout ce qu'il faut pour ça
wavs/segment_528.wav,parce que l'objectif
wavs/segment_529.wav,c'est d'apprendre les bases
wavs/segment_53.wav,de parler à des francophones.
wavs/segment_530.wav,du français mais vraiment
wavs/segment_531.wav,que vous vous sentiez à l'aise
wavs/segment_532.wav,confiant
wavs/segment_533.wav,et que vous puissiez
wavs/segment_534.wav,parler français
wavs/segment_535.wav,lors de votre prochain voyage en France
wavs/segment_536.wav,donc j'ai dit puissiez
wavs/segment_537.wav,parce que j'ai accentué
wavs/segment_538.wav,le que vous puissiez
wavs/segment_539.wav,parce qu'on parlait du subjonctif
wavs/segment_54.wav,"Et aussi, si vous avez d'autres questions,"
wavs/segment_540.wav,juste avant
wavs/segment_541.wav,hum
wavs/segment_542.wav,donc si
wavs/segment_543.wav,vous êtes en train d'apprendre le français
wavs/segment_544.wav,c'est votre résolution
wavs/segment_545.wav,pour 2023
wavs/segment_546.wav,mais que vous ne savez pas
wavs/segment_547.wav,comment y arriver tout seul
wavs/segment_548.wav,et que vous avez envie
wavs/segment_549.wav,de pouvoir suivre des cours
wavs/segment_55.wav,écrivez-les dans le chat.
wavs/segment_550.wav,avec une méthode très structurée
wavs/segment_551.wav,pour parler français rapidement
wavs/segment_552.wav,d'avoir un accompagnement
wavs/segment_553.wav,personnalisé
wavs/segment_554.wav,de pouvoir organiser
wavs/segment_555.wav,votre temps
wavs/segment_556.wav,comme vous le souhaitez
wavs/segment_557.wav,de faire les leçons quand vous pouvez
wavs/segment_558.wav,d'avoir une communauté
wavs/segment_559.wav,à une communauté très très soudée
wavs/segment_56.wav,Je vais essayer de lire un peu tout ce qui se passe.
wavs/segment_560.wav,et une prof
wavs/segment_561.wav,qui vous accompagne
wavs/segment_562.wav,moi
wavs/segment_563.wav,et qui répond à toutes vos questions
wavs/segment_564.wav,à chaque étape
wavs/segment_565.wav,et ben
wavs/segment_566.wav,pardon
wavs/segment_567.wav,j'ai une poussière sur le nez
wavs/segment_568.wav,et si vous avez
wavs/segment_569.wav,envie de pratiquer
wavs/segment_57.wav,Et voilà !
wavs/segment_570.wav,votre français parce que je sais
wavs/segment_571.wav,que c'est quelque chose qui vous manque
wavs/segment_572.wav,généralement régulièrement
wavs/segment_573.wav,de pouvoir pratiquer
wavs/segment_574.wav,et discuter en français
wavs/segment_575.wav,alors il y a
wavs/segment_576.wav,tout ce qu'il vous faut dans la formation
wavs/segment_577.wav,dans la formation
wavs/segment_578.wav,il y a un truc génial
wavs/segment_579.wav,qui est les groupes de pratique
wavs/segment_58.wav,"Donc, on va commencer avec une..."
wavs/segment_580.wav,dans les groupes de pratique
wavs/segment_581.wav,vous êtes mis
wavs/segment_582.wav,avec des élèves de votre niveau
wavs/segment_583.wav,pour progresser
wavs/segment_584.wav,c'est quelque chose qui marche très très bien
wavs/segment_585.wav,donc l'idée c'est que vous soyez
wavs/segment_586.wav,par groupe de 3 personnes
wavs/segment_587.wav,et ensuite
wavs/segment_588.wav,vous avez un script à suivre
wavs/segment_589.wav,pendant cette petite leçon
wavs/segment_59.wav,une des premières questions que j'ai reçues
wavs/segment_590.wav,et moi je vous donne mes retours sur
wavs/segment_591.wav,votre français oral
wavs/segment_592.wav,pendant que tout le monde s'entraîne
wavs/segment_593.wav,donc vraiment
wavs/segment_594.wav,c'est très très complet
wavs/segment_595.wav,il y a tout ce qu'il vous faut
wavs/segment_596.wav,pour
wavs/segment_597.wav,améliorer votre français
wavs/segment_598.wav,votre confiance en vous
wavs/segment_599.wav,c'est une méthode avec
wavs/segment_6.wav,Bonsoir tout le monde !
wavs/segment_60.wav,"et qui va, je pense, parler à beaucoup de personnes."
wavs/segment_600.wav,des cours pas à pas
wavs/segment_601.wav,du plus simple
wavs/segment_602.wav,aux notions les plus compliquées
wavs/segment_603.wav,ou vraiment
wavs/segment_604.wav,tout fait pour essayer de maximiser
wavs/segment_605.wav,l'accompagnement
wavs/segment_606.wav,et vous
wavs/segment_607.wav,prendre un peu par la main
wavs/segment_608.wav,pour que vous soyez
wavs/segment_609.wav,autonome
wavs/segment_61.wav,"La question, c'est"
wavs/segment_610.wav,que vous soyez confiant surtout
wavs/segment_611.wav,au moment de partir
wavs/segment_612.wav,en France
wavs/segment_613.wav,donc voilà
wavs/segment_614.wav,si vous voulez apprendre
wavs/segment_615.wav,le français avec moi
wavs/segment_616.wav,c'est maintenant
wavs/segment_617.wav,début de l'année maintenant ou jamais
wavs/segment_618.wav,c'est une excellente résolution
wavs/segment_619.wav,à apprendre dès maintenant
wavs/segment_62.wav,Est-ce que tu as des conseils
wavs/segment_620.wav,n'attendez pas
wavs/segment_621.wav,comme je vous l'ai dit il y a une réduction
wavs/segment_622.wav,pour les 100 premières personnes
wavs/segment_623.wav,qui rejoignent
wavs/segment_624.wav,la formation
wavs/segment_625.wav,les pré-inscriptions
wavs/segment_626.wav,parce que c'est une pré-inscription
wavs/segment_627.wav,je le répète
wavs/segment_628.wav,sont
wavs/segment_629.wav,les pré-inscriptions vont ouvrir
wavs/segment_63.wav,pour savoir quand on doit utiliser le subjonctif ?
wavs/segment_630.wav,à la fin du live
wavs/segment_631.wav,pendant les 5 prochains jours
wavs/segment_632.wav,seulement et ensuite
wavs/segment_633.wav,il y aura plus de réduction parce que vraiment
wavs/segment_634.wav,je voudrais accompagner les élèves
wavs/segment_635.wav,qui auront saisi cette opportunité
wavs/segment_636.wav,donc si vous avez quelques questions
wavs/segment_637.wav,je vous réponds
wavs/segment_638.wav,tout de suite
wavs/segment_639.wav,et pour trouver
wavs/segment_64.wav,"Alors, le subjonctif, je sais que c'est un sujet"
wavs/segment_640.wav,le lien pour vous inscrire à la formation
wavs/segment_641.wav,il est juste dans la description
wavs/segment_642.wav,de la vidéo
wavs/segment_643.wav,j'espère que ce sera utile
wavs/segment_644.wav,merci
wavs/segment_645.wav,à tous
wavs/segment_646.wav,pour votre attention
wavs/segment_647.wav,j'ai fait un petit blanc
wavs/segment_648.wav,j'étais en train de lire les questions
wavs/segment_649.wav,il y avait eu un petit
wavs/segment_65.wav,un petit peu...
wavs/segment_650.wav,problème
wavs/segment_651.wav,il y avait un petit problème
wavs/segment_652.wav,en fait
wavs/segment_653.wav,il y avait un petit problème
wavs/segment_654.wav,je suis désolée
wavs/segment_655.wav,j'étais un petit peu
wavs/segment_656.wav,"lire les questions, ça défile"
wavs/segment_657.wav,"très très vite, j'ai du"
wavs/segment_658.wav,mal à suivre
wavs/segment_659.wav,Quelqu'un m'a dit que
wavs/segment_66.wav,Comment ?
wavs/segment_660.wav,le lien ne marchait pas ?
wavs/segment_661.wav,"C'est pas grave, de toute façon"
wavs/segment_662.wav,si vous êtes inscrit à
wavs/segment_663.wav,ma newsletter
wavs/segment_664.wav,"qui est géniale d'ailleurs, il y a vraiment"
wavs/segment_665.wav,beaucoup de contenu hyper intéressant
wavs/segment_666.wav,pour progresser en français dans cette
wavs/segment_667.wav,"newsletter, si vous êtes inscrit"
wavs/segment_668.wav,"après le live, vous allez recevoir"
wavs/segment_669.wav,un petit mail
wavs/segment_67.wav,C'est pas un sujet qu'on aime bien aborder.
wavs/segment_670.wav,qui va un petit peu vous récapituler
wavs/segment_671.wav,ce que je vous ai dit
wavs/segment_672.wav,et où vous pourrez
wavs/segment_673.wav,vous inscrire à la formation
wavs/segment_674.wav,"Alors, je vais continuer"
wavs/segment_675.wav,avec les questions que j'ai reçues
wavs/segment_676.wav,sur Instagram
wavs/segment_677.wav,et il y a quelqu'un qui m'a demandé
wavs/segment_678.wav,est-ce que les français sont
wavs/segment_679.wav,méchants ?
wavs/segment_68.wav,"Alors, je vais vous donner,"
wavs/segment_680.wav,"Alors, c'est marrant parce que"
wavs/segment_681.wav,j'ai fait une vidéo qui
wavs/segment_682.wav,traite plus ou moins du même sujet
wavs/segment_683.wav,qui s'appelle
wavs/segment_684.wav,Est-ce que les français sont arrogants ?
wavs/segment_685.wav,Et j'ai entendu justement
wavs/segment_686.wav,quelques histoires
wavs/segment_687.wav,où peut-être on vous a fait
wavs/segment_688.wav,une réflexion et que vous l'avez
wavs/segment_689.wav,un peu mal pris
wavs/segment_69.wav,plusieurs conseils
wavs/segment_690.wav,"Alors, je pense que"
wavs/segment_691.wav,parfois
wavs/segment_692.wav,"pas toujours, parce que"
wavs/segment_693.wav,je sais qu'il y a certaines personnes
wavs/segment_694.wav,j'essaye de pas défendre
wavs/segment_695.wav,"tout le monde, mais parfois"
wavs/segment_696.wav,il y a un petit peu
wavs/segment_697.wav,d'humour qui est
wavs/segment_698.wav,lost in translation
wavs/segment_699.wav,"L'humour, c'est pas toujours"
wavs/segment_7.wav,Bonsoir Chris !
wavs/segment_70.wav,selon votre niveau.
wavs/segment_700.wav,très traduisible
wavs/segment_701.wav,"et en France, on aime beaucoup"
wavs/segment_702.wav,l'ironie
wavs/segment_703.wav,la taquinerie
wavs/segment_704.wav,on aime bien taquiner les gens
wavs/segment_705.wav,"Taquiner, c'est un bon"
wavs/segment_706.wav,verbe à connaître
wavs/segment_707.wav,je vous l'écris ici
wavs/segment_708.wav,Taquiner
wavs/segment_709.wav,"Taquiner, ça veut dire"
wavs/segment_71.wav,"Si vous êtes encore débutant en français,"
wavs/segment_710.wav,to tease
wavs/segment_711.wav,to tease someone
wavs/segment_712.wav,donc ça veut dire
wavs/segment_713.wav,plaisanter un petit peu
wavs/segment_714.wav,en se moquant de quelqu'un
wavs/segment_715.wav,mais
wavs/segment_716.wav,c'est jamais méchant
wavs/segment_717.wav,et c'est vrai que c'est
wavs/segment_718.wav,quelque chose qu'on fait beaucoup
wavs/segment_719.wav,dans l'humour français
wavs/segment_72.wav,"par exemple, si vous comprenez ce que je dis"
wavs/segment_720.wav,on va dire
wavs/segment_721.wav,"Après, une autre chose que j'ai"
wavs/segment_722.wav,essayé d'expliquer aussi
wavs/segment_723.wav,dans cette vidéo
wavs/segment_724.wav,c'est que
wavs/segment_725.wav,les français sont
wavs/segment_726.wav,très polis
wavs/segment_727.wav,dans le sens où ils sont
wavs/segment_728.wav,très attachés
wavs/segment_729.wav,aux codes de politesse
wavs/segment_73.wav,"mais que vous n'arrivez pas encore à parler,"
wavs/segment_730.wav,et donc ils peuvent paraître un peu
wavs/segment_731.wav,"timides, un peu froids"
wavs/segment_732.wav,et
wavs/segment_733.wav,ce qui se passe généralement
wavs/segment_734.wav,c'est que quand vous leur demandez
wavs/segment_735.wav,quelque chose en anglais
wavs/segment_736.wav,ils sont un peu comme vous
wavs/segment_737.wav,quand vous devez parler français en fait
wavs/segment_738.wav,ils ne s'épaulent pas
wavs/segment_739.wav,c'est pas qu'ils n'ont pas envie de vous répondre
wavs/segment_74.wav,je vous conseille de pas commencer à étudier le subjonctif.
wavs/segment_740.wav,mais c'est qu'ils ont peur de se sentir ridicule
wavs/segment_741.wav,de passer pour des
wavs/segment_742.wav,idiots parce que leur anglais
wavs/segment_743.wav,est pas très bon
wavs/segment_744.wav,"mais voilà, c'est peut-être une"
wavs/segment_745.wav,petite incompréhension
wavs/segment_746.wav,culturelle
wavs/segment_747.wav,essayez de vous dire que ça fait partie
wavs/segment_748.wav,du charme à la française et que
wavs/segment_749.wav,"voilà, il ne faut pas le prendre"
wavs/segment_75.wav,"En tout cas, pas l'étudier complètement."
wavs/segment_750.wav,"personnellement, après"
wavs/segment_751.wav,voilà
wavs/segment_752.wav,je généralise un petit peu
wavs/segment_753.wav,les français ne sont pas tous comme ça
wavs/segment_754.wav,mais
wavs/segment_755.wav,si vous
wavs/segment_756.wav,si vous venez en France
wavs/segment_757.wav,essayez peut-être si vous
wavs/segment_758.wav,"pouvez, si vous le sentez"
wavs/segment_759.wav,de faire le premier pas
wavs/segment_76.wav,Essayez de pas vous prendre la tête avec ça.
wavs/segment_760.wav,et de briser la glace avec les français
wavs/segment_761.wav,et je pense que vous serez
wavs/segment_762.wav,bien accueillis
wavs/segment_763.wav,"Ensuite, on continue"
wavs/segment_764.wav,alors
wavs/segment_765.wav,on m'a demandé des recommandations
wavs/segment_766.wav,de livres en français
wavs/segment_767.wav,si vous êtes
wavs/segment_768.wav,on va faire par
wavs/segment_769.wav,"niveau, débutant"
wavs/segment_77.wav,C'est vraiment quelque chose qu'on peut voir un peu plus tard.
wavs/segment_770.wav,intermédiaire et avancé
wavs/segment_771.wav,je vais vous parler de mes
wavs/segment_772.wav,recommandations
wavs/segment_773.wav,si vous êtes vraiment
wavs/segment_774.wav,"débutant, je vous conseille"
wavs/segment_775.wav,pas vraiment de commencer par
wavs/segment_776.wav,lire en français ou
wavs/segment_777.wav,en tout cas un vrai livre
wavs/segment_778.wav,je trouve que c'est peut-être
wavs/segment_779.wav,un peu lourd au début
wavs/segment_78.wav,"Donc,"
wavs/segment_780.wav,donc
wavs/segment_781.wav,débutant
wavs/segment_782.wav,voilà
wavs/segment_783.wav,grand débutant
wavs/segment_784.wav,on va dire que je vous conseille pas trop
wavs/segment_785.wav,de commencer par un livre
wavs/segment_786.wav,mais si vous êtes au stade de
wavs/segment_787.wav,je comprends mais
wavs/segment_788.wav,je ne parle pas
wavs/segment_789.wav,c'est une très bonne idée
wavs/segment_79.wav,"quand vous commencez à avoir un niveau un petit peu plus intermédiaire,"
wavs/segment_790.wav,donc généralement
wavs/segment_791.wav,vous m'avez peut-être déjà
wavs/segment_792.wav,entendu recommander
wavs/segment_793.wav,Harry Potter
wavs/segment_794.wav,parce que souvent on les a déjà lu
wavs/segment_795.wav,dans sa propre langue
wavs/segment_796.wav,je connais l'histoire
wavs/segment_797.wav,donc c'est très facile à comprendre
wavs/segment_798.wav,mais de manière générale
wavs/segment_799.wav,vous pouvez aussi
wavs/segment_8.wav,Bonne année ! Bonne année aussi à tous !
wavs/segment_80.wav,quand vous commencez à avoir un...
wavs/segment_800.wav,relire un livre que vous avez
wavs/segment_801.wav,bien aimé dans
wavs/segment_802.wav,la traduction française
wavs/segment_803.wav,dans la version française
wavs/segment_804.wav,et en fait comme vous connaissez déjà
wavs/segment_805.wav,"l'histoire, comme vous"
wavs/segment_806.wav,connaissez déjà le vocabulaire
wavs/segment_807.wav,vous allez
wavs/segment_808.wav,l'absorber plus vite
wavs/segment_809.wav,et le mémoriser plus vite
wavs/segment_81.wav,"quand vous commencez à vous sentir un petit peu plus à l'aise,"
wavs/segment_810.wav,ensuite
wavs/segment_811.wav,si vous avez un bon niveau
wavs/segment_812.wav,en français
wavs/segment_813.wav,si vous avez un niveau
wavs/segment_814.wav,intermédiaire
wavs/segment_815.wav,plus on va dire
wavs/segment_816.wav,je vais vous donner mes auteurs
wavs/segment_817.wav,français préférés
wavs/segment_818.wav,alors
wavs/segment_819.wav,je vais les écrire ici dans le chat
wavs/segment_82.wav,"là, ça devient intéressant de s'occuper un petit peu du subjonctif"
wavs/segment_820.wav,ce sera plus simple
wavs/segment_821.wav,Amélie Nothomb
wavs/segment_822.wav,qui est belge
wavs/segment_823.wav,d'ailleurs
wavs/segment_824.wav,ensuite
wavs/segment_825.wav,Sylvain Tesson
wavs/segment_826.wav,c'est un auteur que j'aime beaucoup
wavs/segment_827.wav,qui écrit beaucoup
wavs/segment_828.wav,qui écrit
wavs/segment_829.wav,pardon ma langue a fourché
wavs/segment_83.wav,"et de comprendre un petit peu comment ça fonctionne,"
wavs/segment_830.wav,qui écrit beaucoup de livres
wavs/segment_831.wav,liés au voyage
wavs/segment_832.wav,donc si vous aimez les voyages
wavs/segment_833.wav,si vous aimez voyager
wavs/segment_834.wav,faire des voyages un petit peu originaux
wavs/segment_835.wav,Sylvain Tesson
wavs/segment_836.wav,c'est un auteur que j'aime beaucoup
wavs/segment_837.wav,et la dernière c'est Irène Frein
wavs/segment_838.wav,elle écrit
wavs/segment_839.wav,elle écrit
wavs/segment_84.wav,mais à petite dose.
wavs/segment_840.wav,des livres inspirés
wavs/segment_841.wav,de faits historiques
wavs/segment_842.wav,moi
wavs/segment_843.wav,j'aime beaucoup
wavs/segment_844.wav,elle romance ensuite toute l'histoire
wavs/segment_845.wav,mais à la base
wavs/segment_846.wav,c'est une histoire vraie
wavs/segment_847.wav,il y a quelqu'un qui me demande
wavs/segment_848.wav,que pensez-vous du Petit Prince
wavs/segment_849.wav,alors
wavs/segment_85.wav,Parce qu'il faut l'absorber au fur et à mesure.
wavs/segment_850.wav,je dois avouer quelque chose
wavs/segment_851.wav,le Petit Prince
wavs/segment_852.wav,je l'ai jamais lu
wavs/segment_853.wav,j'ai lu peut-être les extraits
wavs/segment_854.wav,les plus connus
wavs/segment_855.wav,le dialogue avec le renard
wavs/segment_856.wav,c'est pas très
wavs/segment_857.wav,c'est pas très précis
wavs/segment_858.wav,parce que je sais que c'est un des personnages
wavs/segment_859.wav,principaux mais
wavs/segment_86.wav,"Au fur et à mesure,"
wavs/segment_860.wav,non je sais que c'est un livre
wavs/segment_861.wav,qu'on conseille pour les débutants
wavs/segment_862.wav,c'est pas trop le style
wavs/segment_863.wav,de livre que j'aime bien mais
wavs/segment_864.wav,si vous aimez bien
wavs/segment_865.wav,allez-y hein
wavs/segment_866.wav,pourquoi pas
wavs/segment_867.wav,hum
wavs/segment_868.wav,ensuite
wavs/segment_869.wav,une autre question qu'on m'a posée
wavs/segment_87.wav,c'est une bonne expression à retenir.
wavs/segment_870.wav,c'est
wavs/segment_871.wav,tu as prévu d'apprendre une autre langue
wavs/segment_872.wav,cette année
wavs/segment_873.wav,oui
wavs/segment_874.wav,j'ai prévu d'apprendre une autre langue
wavs/segment_875.wav,alors
wavs/segment_876.wav,c'est pas vraiment apprendre de zéro
wavs/segment_877.wav,mais mon but cette année
wavs/segment_878.wav,c'est vraiment d'améliorer mon espagnol
wavs/segment_879.wav,et de pouvoir
wavs/segment_88.wav,"Au fur et à mesure, un petit peu, petit à petit."
wavs/segment_880.wav,dire que
wavs/segment_881.wav,je parle espagnol couramment
wavs/segment_882.wav,c'est-à-dire de pas bloquer
wavs/segment_883.wav,de pas hésiter
wavs/segment_884.wav,de pas chercher mes mots
wavs/segment_885.wav,de parler espagnol
wavs/segment_886.wav,avec beaucoup plus de confiance
wavs/segment_887.wav,que maintenant
wavs/segment_888.wav,et j'espère que
wavs/segment_889.wav,c'est votre but aussi avec le français
wavs/segment_89.wav,"Donc, ce que je vous conseille,"
wavs/segment_890.wav,comme ça on est dans le même bateau
wavs/segment_891.wav,je sais pas si vous avez déjà entendu cette expression
wavs/segment_892.wav,en français d'ailleurs
wavs/segment_893.wav,on est dans le même bateau
wavs/segment_894.wav,ça veut dire on fait la même chose
wavs/segment_895.wav,qui est un petit peu difficile
wavs/segment_896.wav,on est dans le même bateau
wavs/segment_897.wav,des langues et on va les parler
wavs/segment_898.wav,couramment
wavs/segment_899.wav,alors on continue
wavs/segment_9.wav,J'espère que ça va bien.
wavs/segment_90.wav,c'est d'utiliser...
wavs/segment_900.wav,avec une question
wavs/segment_901.wav,sur les méthodes d'apprentissage
wavs/segment_902.wav,alors
wavs/segment_903.wav,comment faire pour
wavs/segment_904.wav,apprendre plus vite
wavs/segment_905.wav,et mieux
wavs/segment_906.wav,donc j'en ai un petit peu
wavs/segment_907.wav,parlé précédemment
wavs/segment_908.wav,je vous ai parlé de la façon
wavs/segment_909.wav,dont je pense qu'il faut apprendre
wavs/segment_91.wav,"Enfin, c'est de mémoriser plutôt des petites phrases"
wavs/segment_910.wav,toutes les langues
wavs/segment_911.wav,mais
wavs/segment_912.wav,c'est pas grave je vais répéter un petit peu
wavs/segment_913.wav,donc pour apprendre
wavs/segment_914.wav,vite et bien
wavs/segment_915.wav,il faut suivre
wavs/segment_916.wav,la bonne méthode
wavs/segment_917.wav,ne pas vraiment se limiter
wavs/segment_918.wav,à apprendre la conjugaison
wavs/segment_919.wav,et la grammaire
wavs/segment_92.wav,de la vie de tous les jours
wavs/segment_920.wav,il faut
wavs/segment_921.wav,axer sur le côté pratique
wavs/segment_922.wav,apprendre des expressions
wavs/segment_923.wav,du quotidien
wavs/segment_924.wav,et pratiquer pratiquer pratiquer
wavs/segment_925.wav,donc ça va vous permettre
wavs/segment_926.wav,de rencontrer plus
wavs/segment_927.wav,de contractions de l'argot
wavs/segment_928.wav,d'entendre vraiment
wavs/segment_929.wav,la façon dont les francophones
wavs/segment_93.wav,où on va utiliser du subjonctif.
wavs/segment_930.wav,parlent
wavs/segment_931.wav,et de mieux parler
wavs/segment_932.wav,que si vous apprenez
wavs/segment_933.wav,uniquement à base de conjugaison
wavs/segment_934.wav,grammaire comme c'est le cas
wavs/segment_935.wav,pour beaucoup d'élèves
wavs/segment_936.wav,parce que
wavs/segment_937.wav,le problème en fait
wavs/segment_938.wav,du beaucoup de
wavs/segment_939.wav,beaucoup d'élèves que j'ai eu
wavs/segment_94.wav,Et une des phrases auxquelles je pense
wavs/segment_940.wav,c'est qu'ils apprennent
wavs/segment_941.wav,"la grammaire, la conjugaison"
wavs/segment_942.wav,le vocabulaire
wavs/segment_943.wav,de manière un petit peu séparée
wavs/segment_944.wav,et qu'ensuite ils savent pas
wavs/segment_945.wav,comment assembler tout ça
wavs/segment_946.wav,structurer les phrases
wavs/segment_947.wav,ils se démotivent
wavs/segment_948.wav,ils ont peur de parler
wavs/segment_949.wav,alors qu'en fait
wavs/segment_95.wav,"et qui est vraiment très très utile, par exemple,"
wavs/segment_950.wav,en comprenant la structure
wavs/segment_951.wav,"du langage, en se familiarisant"
wavs/segment_952.wav,tout de suite avec des expressions
wavs/segment_953.wav,ça va vous permettre
wavs/segment_954.wav,de prendre confiance
wavs/segment_955.wav,dans votre capacité
wavs/segment_956.wav,à vous exprimer
wavs/segment_957.wav,et surtout vous allez vous sentir plus à l'aise
wavs/segment_958.wav,plus vous parlez
wavs/segment_959.wav,et chez mes élèves en tout cas vraiment
wavs/segment_96.wav,c'est
wavs/segment_960.wav,c'est flagrant
wavs/segment_961.wav,c'est flagrant
wavs/segment_962.wav,comment dire
wavs/segment_963.wav,un synonyme
wavs/segment_964.wav,c'est évident
wavs/segment_965.wav,il y a ceux qui
wavs/segment_966.wav,ont ce côté pratique
wavs/segment_967.wav,et qui progressent très vite
wavs/segment_968.wav,et qui restent motivés
wavs/segment_969.wav,plus on progresse vite
wavs/segment_97.wav,Il faut que j'y aille.
wavs/segment_970.wav,plus c'est simple de rester motivé
wavs/segment_971.wav,parce qu'on voit
wavs/segment_972.wav,les progrès
wavs/segment_973.wav,vous êtes vraiment très nombreux
wavs/segment_974.wav,ça me fait très plaisir
wavs/segment_975.wav,je suis désolée si je prends pas trop de questions
wavs/segment_976.wav,du tchat
wavs/segment_977.wav,c'est que ça défile à une vitesse
wavs/segment_978.wav,je vais reboire
wavs/segment_979.wav,une goutte d'eau
wavs/segment_98.wav,"Alors, je vais essayer d'écrire dans le chat."
wavs/segment_980.wav,quelqu'un qui dit
wavs/segment_981.wav,je déteste la
wavs/segment_982.wav,alors la grammatique non
wavs/segment_983.wav,mais la grammaire
wavs/segment_984.wav,moi je détestais
wavs/segment_985.wav,la grammaire
wavs/segment_986.wav,j'ai appris à l'aimer un petit peu plus
wavs/segment_987.wav,une autre question
wavs/segment_988.wav,quelqu'un qui m'a dit
wavs/segment_989.wav,j'aimerais pratiquer deux fois par semaine
wavs/segment_99.wav,Il faut que j'y aille.
wavs/segment_990.wav,en particulier l'oral
wavs/segment_991.wav,et l'écrit et les règles
wavs/segment_992.wav,et bien écoute
wavs/segment_993.wav,j'espère que je vais te voir dans la formation
wavs/segment_994.wav,Objectif Français
wavs/segment_995.wav,il y a exactement
wavs/segment_996.wav,ce que tu cherches
wavs/segment_997.wav,les groupes de pratique à l'oral
wavs/segment_998.wav,et c'est deux fois par semaine
wavs/segment_999.wav,pour termine
